day_type,trades,net_profit,win_rate,avg_pnl,avg_r_multiple,profit_factor
trend_up,12,5.371973961229105,0.5,0.4476644967690921,0.08389670514321934,1.490501721909882
