day_type,trades,net_profit,win_rate,avg_pnl,avg_r_multiple,profit_factor
trend_up,7,6.475430016997183,0.5714285714285714,0.9250614309995975,0.31211689818249083,2.260320994734888
