day_type,trades,net_profit,win_rate,avg_pnl,avg_r_multiple,profit_factor
trend_up,11,3.603360880153263,0.45454545454545453,0.3275782618321148,-0.032318657458428685,1.3291049096889018
