day_type,trades,net_profit,win_rate,avg_pnl,avg_r_multiple,profit_factor
trend_up,6,4.703792098560305,0.5,0.7839653497600508,0.1370920989193481,1.9155049040948056
